full_outcome,clip_outcome,count
exact_surface_correct_recovery,exact_surface_correct_recovery,7
exact_surface_correct_recovery,wrong_or_noncanonical_form_preserved,12
exact_surface_correct_recovery,other_no_exact_surface_recovery,0
wrong_or_noncanonical_form_preserved,exact_surface_correct_recovery,0
wrong_or_noncanonical_form_preserved,wrong_or_noncanonical_form_preserved,23
wrong_or_noncanonical_form_preserved,other_no_exact_surface_recovery,3
other_no_exact_surface_recovery,exact_surface_correct_recovery,0
other_no_exact_surface_recovery,wrong_or_noncanonical_form_preserved,0
other_no_exact_surface_recovery,other_no_exact_surface_recovery,1
