case_id,archive_path,bytes,sha256
real_news_000001,audio/mimo_v25_tts_p1p2_200/raw/real_news_000001.wav,2273324,aa4edb6cd455bebcf1633242e3065269dfb81e778f5eef620cff1456bf2b50ec
real_news_000002,audio/mimo_v25_tts_p1p2_200/raw/real_news_000002.wav,4485164,305e77e11af70622a7b2f7a18d61193260c9ae665d57caf8ee5e5255247d0a12
real_news_000003,audio/mimo_v25_tts_p1p2_200/raw/real_news_000003.wav,2196524,1bf3742dec2d3f80d711d4bf4117bdf357ff6f7706defee8b8af699c6f242a00
real_news_000004,audio/mimo_v25_tts_p1p2_200/raw/real_news_000004.wav,2396204,ca5ca42bf0b20f2231ba7e73fd1298b512e0de4731200bba602fb32738f08627
real_news_000005,audio/mimo_v25_tts_p1p2_200/raw/real_news_000005.wav,2618924,416164e731e46bae9bb7cb0de9b00fde767b52f7964e50b3b25fe76469667f71
real_news_000006,audio/mimo_v25_tts_p1p2_200/raw/real_news_000006.wav,2641964,675a88b87343253fd2025bba24f1323d151f4d3e091da9550d8bf4ebe84e1a3a
real_news_000007,audio/mimo_v25_tts_p1p2_200/raw/real_news_000007.wav,2542124,c77ff6bc48fa8abe31b94a359f669be9f3588f1061ef1d8361db6096deb81671
real_news_000008,audio/mimo_v25_tts_p1p2_200/raw/real_news_000008.wav,2880044,311c5dfa9f946958fb5d706b53b00ca7ffc27884494fb92cfad9294720eb4358
real_news_000009,audio/mimo_v25_tts_p1p2_200/raw/real_news_000009.wav,2257964,86727f702f3fb248eb5dba22fc183cc474d44d6c0262f57aa02d5c10c909638c
real_news_000011,audio/mimo_v25_tts_p1p2_200/raw/real_news_000011.wav,2096684,a53f0d5c0945ce4baadca3f3d787f0849833c34ee2b6d1a34b29d2d50f55fcaa
real_news_000012,audio/mimo_v25_tts_p1p2_200/raw/real_news_000012.wav,1743404,bfdde25bcdaa0bc4a2f9d2a72503d62c2ceb1bb4159b7a1a05264424cc3b6c3a
real_news_000013,audio/mimo_v25_tts_p1p2_200/raw/real_news_000013.wav,2165804,a44fb3a6e34b972a2d28b13d6a093f24c03e95e6419aaef3c42ecb04ea78c6fa
real_news_000014,audio/mimo_v25_tts_p1p2_200/raw/real_news_000014.wav,2319404,db6713176f869b6092b6cd22b7c9bd38201a48a7c2da4c99f32d0a2c5dd20e03
real_news_000015,audio/mimo_v25_tts_p1p2_200/raw/real_news_000015.wav,3064364,d029071ae41661c6e5e88fcdfe598201a2f501542f369c66a4ae9af4b37b1c19
real_news_000016,audio/mimo_v25_tts_p1p2_200/raw/real_news_000016.wav,2557484,35749f1f68762ac23e97998a959d664169056d1ae987c30e45f2b20d20121259
real_news_000017,audio/mimo_v25_tts_p1p2_200/raw/real_news_000017.wav,2211884,9673c085741956464c99d94a5473d30532b1399418bd0f420a61c764638e3f20
real_news_000018,audio/mimo_v25_tts_p1p2_200/raw/real_news_000018.wav,2165804,fb820fe9f278c32be2464cba346040b2bcdfc087b23b3b6cb73f19149127cdfc
real_news_000019,audio/mimo_v25_tts_p1p2_200/raw/real_news_000019.wav,1973804,218b5ac867efa65183635cae8ec629f634a212763d2f30003c297d077c009058
real_news_000020,audio/mimo_v25_tts_p1p2_200/raw/real_news_000020.wav,2695724,137f677ec303a746e7fe8bd4d5513aaee7bfc65eb4e336d8531336b931ae5bfc
real_news_000022,audio/mimo_v25_tts_p1p2_200/raw/real_news_000022.wav,2196524,b506e1c2c640615383834e7ffe18639c65b8d59bd650a64d6b1bc8adc38aba73
real_news_000023,audio/mimo_v25_tts_p1p2_200/raw/real_news_000023.wav,2227244,55e202e66b124d6f0891b0e4cbd1f444a86325769be2fd91415ce092573bf9b9
real_news_000024,audio/mimo_v25_tts_p1p2_200/raw/real_news_000024.wav,3133484,d3a93d447f9eeb377c62836c6d4687e254867fdc2d56ab8189bc0865d4807147
real_news_000025,audio/mimo_v25_tts_p1p2_200/raw/real_news_000025.wav,2542124,044a881f022588b96aa956aa02500aca5a033307bc6d16468510d9b6002ea1ee
real_news_000026,audio/mimo_v25_tts_p1p2_200/raw/real_news_000026.wav,1758764,b5d807ba4600284c4884f11deef967fb439ab9870a69277d3f2ca0743b72c958
real_news_000027,audio/mimo_v25_tts_p1p2_200/raw/real_news_000027.wav,2089004,3e6316cf0fb014ddd5983ebf709a0daf3e4d0bc1da9185856a8da84c87aa29b5
real_news_000031,audio/mimo_v25_tts_p1p2_200/raw/real_news_000031.wav,2327084,d620f7b38b978c6bf9361cb26171453e090fa71e92527862dfa68293a421083e
real_news_000033,audio/mimo_v25_tts_p1p2_200/raw/real_news_000033.wav,2534444,4947d0b8b89beb198d9a675f0c857ec29f79130c88ed6bbf8a7e8d90f3ae62b2
real_news_000037,audio/mimo_v25_tts_p1p2_200/raw/real_news_000037.wav,2257964,d2dee98d67589f9be4a75bace0663511e5dede69e00cfec28e556ea33dc45aaf
real_news_000041,audio/mimo_v25_tts_p1p2_200/raw/real_news_000041.wav,1643564,b5663e3e9cb649a5e95fc0c7e81f4502f10c190ef277d5d9df94b2998412dbe2
real_news_000042,audio/mimo_v25_tts_p1p2_200/raw/real_news_000042.wav,1973804,65c5552f785541cf1d0e1987d77dbf9e421148f6ec0750066d58542ae3a1e3e1
real_news_000049,audio/mimo_v25_tts_p1p2_200/raw/real_news_000049.wav,2473004,96581f43c502a06b637b4aae9fd6486c355241797fc8c06ace4a73ffee2d9126
real_news_000056,audio/mimo_v25_tts_p1p2_200/raw/real_news_000056.wav,2457644,413113a20f8b1152290c4f8e3eb53281190b7d29bd6270492822554419dfcf43
real_news_000057,audio/mimo_v25_tts_p1p2_200/raw/real_news_000057.wav,1850924,a86dded57b37388dfca9e0baa53194530f70b2dea017da0a15d32a1fb52ee577
real_news_000058,audio/mimo_v25_tts_p1p2_200/raw/real_news_000058.wav,2488364,9b063b551e402767e8096e78b94315370a84d82999e81fcf57b90d10cbcee727
real_news_000064,audio/mimo_v25_tts_p1p2_200/raw/real_news_000064.wav,2519084,c9499130d136fedd72748ec5fc4291d93ed6e67e24f4dfc457c3598cb05de5ee
real_news_000065,audio/mimo_v25_tts_p1p2_200/raw/real_news_000065.wav,2480684,5665172dd76dbcf3baab181484d6d5329da7d4d8b3cf941567296c1ad3cca37f
real_news_000077,audio/mimo_v25_tts_p1p2_200/raw/real_news_000077.wav,1827884,664ea5bcd2496e3009fab22cb7b0f52ee524d694ee1001031a697d04f8624d22
real_news_000079,audio/mimo_v25_tts_p1p2_200/raw/real_news_000079.wav,2411564,8b18937c40cab5da41d1cfce8ff4962a1f105962c05488080ed11e169aceee9e
real_news_000087,audio/mimo_v25_tts_p1p2_200/raw/real_news_000087.wav,2311724,1d1e32679644c435b46530baf79970c4d50d9e7c27fa82de5293c619e6a25a55
real_news_000096,audio/mimo_v25_tts_p1p2_200/raw/real_news_000096.wav,2250284,4db8371d59db1962a6c425778a5e8a9526899eba14a55e119b117c361818f77d
real_news_000103,audio/mimo_v25_tts_p1p2_200/raw/real_news_000103.wav,2688044,72f526966b5908565b1610e0b87876d3ce41e6862d2047357583b01e5a5642d8
real_news_000105,audio/mimo_v25_tts_p1p2_200/raw/real_news_000105.wav,2880044,27ac2fc9d5bf459664f73a25987e7541a6b4e4196de71abd844d5cad69b77fee
real_news_000125,audio/mimo_v25_tts_p1p2_200/raw/real_news_000125.wav,2265644,04a2684b0d5f2ea2286abd70353796b3885458161ae27869993dbe42ccc0e61b
real_news_000128,audio/mimo_v25_tts_p1p2_200/raw/real_news_000128.wav,2081324,9c3fe93c969fe0c9b59d3b5805f2efb5f396d0e06082852c2ab229caa22bbfbd
real_news_000139,audio/mimo_v25_tts_p1p2_200/raw/real_news_000139.wav,2442284,09b80bfa73f692c2df0dfcf97b44b4f7099dcef3e4e3bbbf5ba73652e32db4ab
real_news_000140,audio/mimo_v25_tts_p1p2_200/raw/real_news_000140.wav,1735724,c4bd1dca529a5c8a625086f52d448cfeb882d18d94e473abba03926b0acd619f
real_news_000141,audio/mimo_v25_tts_p1p2_200/raw/real_news_000141.wav,2142764,f9d216b669897df93808f9e29357bc6b83282ce1007195c943facb3ace87ab35
real_news_000147,audio/mimo_v25_tts_p1p2_200/raw/real_news_000147.wav,3440684,9ea52f0631fc26c676572ce6c3dac697762f727b00dfe0b0b2e3ec4eb6c35ad5
real_news_000148,audio/mimo_v25_tts_p1p2_200/raw/real_news_000148.wav,2526764,2f3907191526e24bb7a27432e378efba1079b1418831fddf38dde95855872f93
real_news_000149,audio/mimo_v25_tts_p1p2_200/raw/real_news_000149.wav,2426924,5f6bf9c00a0a6127d1285fc02c839e29231f27344169902123d3ca65a176f534
real_news_000155,audio/mimo_v25_tts_p1p2_200/raw/real_news_000155.wav,2995244,21e160ca43e89682f7a57d9a68aae8be318e59ee82d8bf81b4ff2035147e9899
real_news_000157,audio/mimo_v25_tts_p1p2_200/raw/real_news_000157.wav,2857004,304dd98d0a817ca638f26b7fac0413a7213e655e9c20894202af703496d9cc40
real_news_000166,audio/mimo_v25_tts_p1p2_200/raw/real_news_000166.wav,1589804,e5a401386cb366d658a2ee3f0160865c0009a52f3ecb7597de6e1f1e6adb60f7
real_news_000168,audio/mimo_v25_tts_p1p2_200/raw/real_news_000168.wav,1920044,1afbb08d828c268b9487d8e54dd1351711fc581544725ee44e48b8f24aa0e337
real_news_000169,audio/mimo_v25_tts_p1p2_200/raw/real_news_000169.wav,2311724,d59442b7ae3a3ba7ae9c58f0c48b314087bb4aab79fc5773833ca25b6354310a
real_news_000174,audio/mimo_v25_tts_p1p2_200/raw/real_news_000174.wav,2204204,2974a70e51004369f5b24fbcc03b83650bbb596b7e9d450d8aa4930b8cdc7cc6
real_news_000182,audio/mimo_v25_tts_p1p2_200/raw/real_news_000182.wav,1850924,4db7ee523024c1f5880216d7830ada3e3ed8d4bf0eac2bc09ab54953467ddcc1
real_news_000185,audio/mimo_v25_tts_p1p2_200/raw/real_news_000185.wav,2127404,bdb616d24b32ae896e80e600fcef2f58a96e4666b08cf39fe58fffe836dc832a
real_news_000186,audio/mimo_v25_tts_p1p2_200/raw/real_news_000186.wav,1597484,5d9ec4ded29983292fe38d2f68a9b9ac00c02e5afa6e66e09eb49b1cbf78cc2f
real_news_000193,audio/mimo_v25_tts_p1p2_200/raw/real_news_000193.wav,2688044,d895046c8f00e6734f4017424ac6450d459b98af8bc0b0be2894f79120342651
real_news_000196,audio/mimo_v25_tts_p1p2_200/raw/real_news_000196.wav,2158124,34df62d3b617146a1e055702c700f527cf5ab1fcd31e0d5706f2937741eb44fb
real_news_000210,audio/mimo_v25_tts_p1p2_200/raw/real_news_000210.wav,2457644,6ca91cdafc6792f1fddedeb36d50d87c49a689acecb04b9a108c68b88c486f12
real_news_000211,audio/mimo_v25_tts_p1p2_200/raw/real_news_000211.wav,2127404,a0f8480cc39bebf5f020e7ccae58ee2eb80bf01d0fd35b855faf8fca5ac8001b
real_news_000212,audio/mimo_v25_tts_p1p2_200/raw/real_news_000212.wav,2672684,905cd3a7fae9994a8d0e248fdff8ec6bff908f9c217272a849659ab5b1d7c3e0
real_news_000235,audio/mimo_v25_tts_p1p2_200/raw/real_news_000235.wav,2119724,ef0639346b45361a39f69cde4b23d263ea62d501affe1b831915769425d28afd
real_news_000236,audio/mimo_v25_tts_p1p2_200/raw/real_news_000236.wav,1958444,dda94a5b12b83895a9b2a92510ed3fcb4ed8f6f66934279ac6a21883d9e5ddd9
real_news_000237,audio/mimo_v25_tts_p1p2_200/raw/real_news_000237.wav,2350124,d07948a5201710f88ecb203b9d3aa8b64cd29d2252b953e093a17edf88853b3d
real_news_000243,audio/mimo_v25_tts_p1p2_200/raw/real_news_000243.wav,2542124,6db4d7cef5203257b0c62f5e3f4afc89131dc21ff8418010cbbc9b00e220b9e8
real_news_000255,audio/mimo_v25_tts_p1p2_200/raw/real_news_000255.wav,2089004,507b3bb3f03ee178ef0d02f25374ec690cc4a8180723dda0049094887d54b2c2
real_news_000259,audio/mimo_v25_tts_p1p2_200/raw/real_news_000259.wav,2818604,1e5359e94744fbf7d4fb0adccc29c06ba8aab8bfe768ce87d0121f1b562c42af
real_news_000260,audio/mimo_v25_tts_p1p2_200/raw/real_news_000260.wav,2580524,9fcf35a6420856afc1059335f25a1a24e463c63189aa181546e5bc1ed5b08d38
real_news_000261,audio/mimo_v25_tts_p1p2_200/raw/real_news_000261.wav,2104364,a2dfa65a257ac9e2333cfc3c486f488f4709babead261ca67812f62f8c364158
real_news_000263,audio/mimo_v25_tts_p1p2_200/raw/real_news_000263.wav,2165804,8b28551c6e2cabc19fc648aa041114fb0b6cb90579cca6e09ea88f99c96ca00a
real_news_000264,audio/mimo_v25_tts_p1p2_200/raw/real_news_000264.wav,1950764,e2592ecbf3234ae316f80a52bf505cb3e21c8751e3ed7465b22ceadcc310cb4d
real_news_000270,audio/mimo_v25_tts_p1p2_200/raw/real_news_000270.wav,1812524,36eba3f03694873e17b0865c9d262248b31b911a2a530064a7f6748fc923ce7c
real_news_000272,audio/mimo_v25_tts_p1p2_200/raw/real_news_000272.wav,2281004,396c85212b50f0324c3852d8df8591ba17fc715ac0874e6c970b6bdeec0d5a2e
real_news_000273,audio/mimo_v25_tts_p1p2_200/raw/real_news_000273.wav,2257964,08135e4bbc20af80c77146e4c1cdfa31bab1897833a86c9d6956f75090d48337
real_news_000274,audio/mimo_v25_tts_p1p2_200/raw/real_news_000274.wav,2319404,3c83f5c76ef30c746c352d6f55ed979e30fb3091b1d5a26991ed18fee64c3623
real_news_000279,audio/mimo_v25_tts_p1p2_200/raw/real_news_000279.wav,1889324,d56a2f948f36fec4f51de241b0d8a2972b1b007f1d6845074a742fa1b85e5b5a
real_news_000280,audio/mimo_v25_tts_p1p2_200/raw/real_news_000280.wav,1758764,5cd49e1b1851c041c120b4cb4e7663e01e2735f939de15af8d1b60fb578053c5
real_news_000281,audio/mimo_v25_tts_p1p2_200/raw/real_news_000281.wav,1958444,123ec76307813e6804463a4ab6656b3534472c231ede85b186713bb8912f2a6e
real_news_000285,audio/mimo_v25_tts_p1p2_200/raw/real_news_000285.wav,2081324,1a66333e217e134d413f0e6e348b0f35641572c782b071447d52ffed822c78b6
real_news_000288,audio/mimo_v25_tts_p1p2_200/raw/real_news_000288.wav,1897004,b53acf9866e13f2b74617248afbc36292aebc415e4172a83652bd5d7c10d4ddf
real_news_000289,audio/mimo_v25_tts_p1p2_200/raw/real_news_000289.wav,1743404,138987f8557b7e1e428ad51ef7a3ba7cc1ad5b212100b9fb1ae1e26a5c44c17d
real_news_000291,audio/mimo_v25_tts_p1p2_200/raw/real_news_000291.wav,1912364,80ee70aa60811f374655d70d6744f2a3ca10f14452ad813e2682d5dd2a4d712a
real_news_000294,audio/mimo_v25_tts_p1p2_200/raw/real_news_000294.wav,1981484,eadd4a48c522ac5bdd6a4a3c482b87b4395dc8d7d56377e7cb93ae8ab021ec2f
real_news_000295,audio/mimo_v25_tts_p1p2_200/raw/real_news_000295.wav,2734124,87769a5407116be389616624a4d9bc7132b8fba0887ba5f1faa7e443c9657e03
real_news_000296,audio/mimo_v25_tts_p1p2_200/raw/real_news_000296.wav,2165804,0addf98dfe153abd2b3bf281a69a17c3b4de1a2fafadf8546b8f548388e1981d
real_news_000299,audio/mimo_v25_tts_p1p2_200/raw/real_news_000299.wav,2188844,e5bf7098d35d3954f880ec1609bddf9390bd406c5d4e0c9bbb3bbb9e09d15a57
real_news_000300,audio/mimo_v25_tts_p1p2_200/raw/real_news_000300.wav,2135084,cb757145da56d09fc5bfcbeb9d5ff5ceecc3adcb64be0fa4e87806cadda33e56
real_news_000301,audio/mimo_v25_tts_p1p2_200/raw/real_news_000301.wav,1904684,6df03fff4a76d3170a9348052a8e887930db86229a85fdb2a48b020daa502dfd
real_news_000303,audio/mimo_v25_tts_p1p2_200/raw/real_news_000303.wav,1904684,fe4c1406f445840d5bda08d70e38240ee04d8d419702d694103c368ec683f948
real_news_000304,audio/mimo_v25_tts_p1p2_200/raw/real_news_000304.wav,1712684,b4b771fe77d5287bf2e8057c86bc48314a5663aa3e8c641f44c8bef827a2db15
real_news_000308,audio/mimo_v25_tts_p1p2_200/raw/real_news_000308.wav,2050604,dab3c4a9d258aa19449e66236431ec444626dbcf8dda53ca1cce2119b191e390
real_news_000311,audio/mimo_v25_tts_p1p2_200/raw/real_news_000311.wav,2058284,1e2975cefc0e1ebae18d49318bf270397e846a2adc6d00817ba80229db7ffbcb
real_news_000313,audio/mimo_v25_tts_p1p2_200/raw/real_news_000313.wav,1489964,38540b94eb9e2512c5d75b51bda2b7d59896215f97e2246755ccbe0d87e13190
real_news_000314,audio/mimo_v25_tts_p1p2_200/raw/real_news_000314.wav,1866284,b0fbeb07055bcc917bbf00a703658f2469bff87af8eac57fa9326c55b113dc8b
real_news_000315,audio/mimo_v25_tts_p1p2_200/raw/real_news_000315.wav,2449964,a8a0c7b84221bddb11bae22c4dd010e8439aaacc361b9995939e5e0585f8d811
real_news_000319,audio/mimo_v25_tts_p1p2_200/raw/real_news_000319.wav,1720364,9fb6fc66dfe8407d0a5427defc94fad3f3b4d1fa56e4184b7e720cc5c46e4b92
real_news_000320,audio/mimo_v25_tts_p1p2_200/raw/real_news_000320.wav,1712684,9d9d7449d760a3c335b7f1579d52c2724a74465478769d8bf572f1b8c2b73ecf
real_news_000322,audio/mimo_v25_tts_p1p2_200/raw/real_news_000322.wav,1582124,d597e7bb3dfe54b0710489cf621db26b0c3ce2f283f1ca85bc56f4589e4ade4a
real_news_000327,audio/mimo_v25_tts_p1p2_200/raw/real_news_000327.wav,1628204,04c06073e95acaf176e311b08097009375a5321329e07fbb0f5d7ca933ecb7c3
real_news_000329,audio/mimo_v25_tts_p1p2_200/raw/real_news_000329.wav,2304044,e59034ef64d42a489749ff0275349d91a9e8b345547ad7a4501f5242290a436d
real_news_000330,audio/mimo_v25_tts_p1p2_200/raw/real_news_000330.wav,2065964,572d3b0b7714442fe4258468d33a9c28e95025b67c67aa2ea201433de159c492
real_news_000332,audio/mimo_v25_tts_p1p2_200/raw/real_news_000332.wav,2181164,f887552a52250b5fcf1709254bb9e8dd3171dd683f2a2dd8b87edc0111c92a08
real_news_000333,audio/mimo_v25_tts_p1p2_200/raw/real_news_000333.wav,1881644,b906aa851e30a3d45fc96cc707b75800bedb6bfc32e541b48d1e2135e7f3a1d1
real_news_000334,audio/mimo_v25_tts_p1p2_200/raw/real_news_000334.wav,2227244,015692cdb7a583dfcaaaa45de3e303774d219686d3ecd135d59cfc6383cef711
real_news_000335,audio/mimo_v25_tts_p1p2_200/raw/real_news_000335.wav,1443884,4ae6ba2e54b8521206be4a43ee121a04613289dc78c812f6a9fb96cd07817932
real_news_000336,audio/mimo_v25_tts_p1p2_200/raw/real_news_000336.wav,1804844,c2b46d53c9d5e5f95471e9084feae165bb5273a6eeb327d3b01676f3236ff346
real_news_000337,audio/mimo_v25_tts_p1p2_200/raw/real_news_000337.wav,1927724,b5d2768052320d534392ec7695c3a63f2161796826d2284742d8bd1843c1dbfc
real_news_000341,audio/mimo_v25_tts_p1p2_200/raw/real_news_000341.wav,1681964,4e28a0cd1451f3d93f6234fc4ca2eb9f6fc707ee7d61327e0f057544677d1625
real_news_000344,audio/mimo_v25_tts_p1p2_200/raw/real_news_000344.wav,2288684,f6d8a955cb4789961c56b6c688bee5f8d16dd5fe2017b3beaa6dd562f14b651a
real_news_000349,audio/mimo_v25_tts_p1p2_200/raw/real_news_000349.wav,1528364,2a0e70e1b2770c9f61ac55b9291dd91c8bba77e1f08ed2bf33adb4b90807e338
real_news_000350,audio/mimo_v25_tts_p1p2_200/raw/real_news_000350.wav,1674284,318f0cebaa8d4cc56c100715de9e815560deddb55d5620d7913dc744db5cae43
real_news_000352,audio/mimo_v25_tts_p1p2_200/raw/real_news_000352.wav,2181164,4bc3e9bd74adb4a7ade9f3d3457e64b4c6477f650b87cd3cfd622a3f22aec552
real_news_000353,audio/mimo_v25_tts_p1p2_200/raw/real_news_000353.wav,2127404,b4001f1253f38a875eb9adeba98e2cc4b86d476a18e508bae1c5a249aca2796a
real_news_000355,audio/mimo_v25_tts_p1p2_200/raw/real_news_000355.wav,1728044,fbd43a5a5cc7057922b0715b688bc2e5590d95947aee90294b5dd5cfae416f10
real_news_000361,audio/mimo_v25_tts_p1p2_200/raw/real_news_000361.wav,1912364,b49dfd3270672b19bff317ddbd5dd129f97d80720beadf851442eb73b2a70805
real_news_000364,audio/mimo_v25_tts_p1p2_200/raw/real_news_000364.wav,2488364,2e72be8712b841e3a8b64a1e292d46da66d7868d2d5238d8faccb4504b1e850d
real_news_000366,audio/mimo_v25_tts_p1p2_200/raw/real_news_000366.wav,1996844,0acf1018d791ed6301096126ad6849c85f80b104fb2ee22650862d042a1b84b0
real_news_000368,audio/mimo_v25_tts_p1p2_200/raw/real_news_000368.wav,1989164,c303cdf0ad9650a1222d32caf76d8adf496b60bdd38182dcb6950faf09708f29
real_news_000370,audio/mimo_v25_tts_p1p2_200/raw/real_news_000370.wav,1835564,fcdb0565554b8e2de54c1f467ff208b9182127c88eae035bdcdda4423950bf5b
real_news_000373,audio/mimo_v25_tts_p1p2_200/raw/real_news_000373.wav,1658924,58b2e53907db0264645c51691f3f6f4a87426ac023c155bbf337733ba6ece5a3
real_news_000376,audio/mimo_v25_tts_p1p2_200/raw/real_news_000376.wav,1674284,9ec955a13718881bae8d9ab5f1907c254d8ed4b9844b081fb48ec401ea8c66c5
real_news_000378,audio/mimo_v25_tts_p1p2_200/raw/real_news_000378.wav,1428524,9144dcdc7c93a6d00498a1df3c3f8d9c10e4c8c3d858faa39636bd49b7e40174
real_news_000381,audio/mimo_v25_tts_p1p2_200/raw/real_news_000381.wav,1689644,170003bdfc33e4bb1d30678a3e539b8dcb9f74b9db96bf5f4b7b77c67d178778
real_news_000393,audio/mimo_v25_tts_p1p2_200/raw/real_news_000393.wav,1712684,add196f01ac90ad0c78735358913d6dce39e65d00d746c2abd361049df29eab1
real_news_000397,audio/mimo_v25_tts_p1p2_200/raw/real_news_000397.wav,1466924,b65c3978044b049b0ffcd856d87aeb007de3dda056d9da4d396f94d0bfe2ec1d
real_news_000399,audio/mimo_v25_tts_p1p2_200/raw/real_news_000399.wav,1489964,3a678a6407a656ed1104ade20d47caf472f2f98b9cf952e7af8a4a258a9d86fa
real_news_000400,audio/mimo_v25_tts_p1p2_200/raw/real_news_000400.wav,2311724,0273474beda3fdea867d9b3b1acce4c805955b4b49a0f3d709c17c1eac94d860
real_news_000405,audio/mimo_v25_tts_p1p2_200/raw/real_news_000405.wav,2211884,4514ddd73b5ad826c3e854c926d11ed69b24eeb733ef9d230d4be449adfc4b5d
real_news_000406,audio/mimo_v25_tts_p1p2_200/raw/real_news_000406.wav,1843244,2d65c299036440f6065bf48d47f9b547713155926925455ded53a3f91e3efe6b
real_news_000408,audio/mimo_v25_tts_p1p2_200/raw/real_news_000408.wav,1797164,2f3a3d77b80125ed76f8477d41dd3d3d12d5e524e8564e21b31bd7c06331104b
real_news_000409,audio/mimo_v25_tts_p1p2_200/raw/real_news_000409.wav,2004524,cd8d4c43a5953047bf8b4b4f1850b2fc4d575e5191898eeb6ded5bdee0d2ea28
real_news_000413,audio/mimo_v25_tts_p1p2_200/raw/real_news_000413.wav,1866284,daeecc52323dfbf43d446f1382f14ef52540f54a6a67ec198c4504bf5802eb01
real_news_000415,audio/mimo_v25_tts_p1p2_200/raw/real_news_000415.wav,2027564,399112aa2cf149c8cc860935252469128214f1a31b7cc4c93aad3685483ccba9
real_news_000416,audio/mimo_v25_tts_p1p2_200/raw/real_news_000416.wav,2327084,7479af4b5b246cf19f15b5c4419eb57bb0b57c9514e19d808764258a41102b23
real_news_000418,audio/mimo_v25_tts_p1p2_200/raw/real_news_000418.wav,1520684,71914a8106da61c32fd7249e3e361ea2c738a68c46fa6003bec2f212f78f03f5
real_news_000421,audio/mimo_v25_tts_p1p2_200/raw/real_news_000421.wav,2496044,a6c26c6a5c392969ae819991e84101c504f87e66b0ed0d3309557ff5fc965c02
real_news_000424,audio/mimo_v25_tts_p1p2_200/raw/real_news_000424.wav,1981484,8277cee95fe6b707f6e1471302446408db724784a2552c8657dc1259d76f9fa5
real_news_000428,audio/mimo_v25_tts_p1p2_200/raw/real_news_000428.wav,1797164,eecc990ac0d9e71adbe4daebc3a03dca9518d901f7394f52c89e4e8834cde707
real_news_000429,audio/mimo_v25_tts_p1p2_200/raw/real_news_000429.wav,2158124,e617229e86c8344b8331cecead4c628853fc155dd197b98e16697a78ec702741
real_news_000430,audio/mimo_v25_tts_p1p2_200/raw/real_news_000430.wav,1658924,45a5928c7cc3aba01506c27f9d3e3ec58f087a9a918c494c5f66d157eb1c3866
real_news_000434,audio/mimo_v25_tts_p1p2_200/raw/real_news_000434.wav,1443884,6717e4ecb158a7d444f03e0d964eb8ba6b49066f6670a19c07ba5e172c066c8a
real_news_000435,audio/mimo_v25_tts_p1p2_200/raw/real_news_000435.wav,2142764,8cb45b9802e552696aad3327c5d8bb24f9909acf51423106bb22e1ebc63b5b59
real_news_000439,audio/mimo_v25_tts_p1p2_200/raw/real_news_000439.wav,1666604,7a435d9ce8043506b964258cd06e198660c40b0522f27557b3e7de43f3e7a7d3
real_news_000442,audio/mimo_v25_tts_p1p2_200/raw/real_news_000442.wav,1850924,0f41c25c837a9b723cd7c3b54346ac6c86677810357d086669b3dcdfac976be7
real_news_000447,audio/mimo_v25_tts_p1p2_200/raw/real_news_000447.wav,1497644,7475feb7581d764e9a9b44164ce79144cdcb83272c80f9224488010da5801c4f
real_news_000451,audio/mimo_v25_tts_p1p2_200/raw/real_news_000451.wav,1728044,1a42ad99abc9faf42d7a0b24658ccc5a369701ecf45d7beae04a4b18c8f140b9
real_news_000456,audio/mimo_v25_tts_p1p2_200/raw/real_news_000456.wav,1405484,bc3c5ecaa989b93a8c939ce7151ffeb0e9a734e463c9936ed345d122e0d8802e
real_news_000472,audio/mimo_v25_tts_p1p2_200/raw/real_news_000472.wav,1889324,3f753c3825a8a756e098097d24f73be35b8e0e6ecfc3cd7cbf44f69b86cc8c15
real_news_000473,audio/mimo_v25_tts_p1p2_200/raw/real_news_000473.wav,2012204,08ae907b568a5d3ac2235c1c6cfd44dea074eb54a66a686de588ac1a43c07a99
real_news_000478,audio/mimo_v25_tts_p1p2_200/raw/real_news_000478.wav,1605164,7dd7bde6411717f4cbd69f59442945a3b05404640304b23c7c5cd847ef4ca29e
real_news_000492,audio/mimo_v25_tts_p1p2_200/raw/real_news_000492.wav,2972204,e5fbdf904455d574fdcbc51d4f18409bcbd4c7f3b18e97a30ee34f02b1c85bdc
real_news_000498,audio/mimo_v25_tts_p1p2_200/raw/real_news_000498.wav,2119724,0c35508e7e12d26c4270fb55c735fe017ffaf5a957a3b1c30be6c62613d37a8c
synthetic_004465,audio/mimo_v25_tts_p1p2_200/raw/synthetic_004465.wav,184364,fb505f1a0bbc9d39ecb98f8cb1cd58a36ab65ac872abbbf5f0cbd7e6393a8bc9
synthetic_004466,audio/mimo_v25_tts_p1p2_200/raw/synthetic_004466.wav,176684,5776d14093478569d1ae0de3319c8e7042b6f1efcafb7cf1401279ec871b628c
synthetic_004480,audio/mimo_v25_tts_p1p2_200/raw/synthetic_004480.wav,199724,cbaad90b55ef59fbeadef6b81519821b01df32712d96bcc0f28f3092eefa808f
synthetic_004481,audio/mimo_v25_tts_p1p2_200/raw/synthetic_004481.wav,176684,4b5402709e9c127899d750b787ac1c8843a6db94b7a736f3f79ce9957224fd73
synthetic_004498,audio/mimo_v25_tts_p1p2_200/raw/synthetic_004498.wav,169004,c548940a017d04c8a17f6a9a00f36f16fe5102ce1e64e5ac35439ff2a2a1b074
synthetic_004503,audio/mimo_v25_tts_p1p2_200/raw/synthetic_004503.wav,184364,832a6b375b25ea6d0a17f0a790dd0098154efb0fa1c2700cb4324f80aa93d70e
synthetic_004516,audio/mimo_v25_tts_p1p2_200/raw/synthetic_004516.wav,161324,1cf6de2b97237c28b3da2d165cc47875b05eb418ec90c68b17c0d256443cf178
synthetic_004539,audio/mimo_v25_tts_p1p2_200/raw/synthetic_004539.wav,184364,bafad0051dc71997256b86ff67a71eb93d362dccb2d8ef409cf042e2d0573bc7
synthetic_004558,audio/mimo_v25_tts_p1p2_200/raw/synthetic_004558.wav,261164,b0223b9e63d3b415ea840b512ad8485abbbb46e1097bdcf7788dc696d1e05452
synthetic_004578,audio/mimo_v25_tts_p1p2_200/raw/synthetic_004578.wav,238124,daa50096b20d2044b492e8d2c18c63a046c48e681284e2620a495bfab48aaaaf
synthetic_004583,audio/mimo_v25_tts_p1p2_200/raw/synthetic_004583.wav,207404,b8fc1a9252ac4831bcecbb42729bc9eb3edb58b8553e4fde431b4bbc2402234b
synthetic_004585,audio/mimo_v25_tts_p1p2_200/raw/synthetic_004585.wav,153644,bf29438f2730c2601c6d40151e55ad7edf5603cac886246786fccdb39bc561ea
synthetic_004613,audio/mimo_v25_tts_p1p2_200/raw/synthetic_004613.wav,169004,c56d84b065430bde9b9cf51cd5d8c7bf3b75aab3277f7d51244d6b60654d6630
synthetic_004662,audio/mimo_v25_tts_p1p2_200/raw/synthetic_004662.wav,192044,c73f660d94174b1b9407a68d3c4105088fe9cf373b419917605eb4e9ccb39613
synthetic_004679,audio/mimo_v25_tts_p1p2_200/raw/synthetic_004679.wav,199724,15ae5ef3f5cefa16c825e9eb89aa590a9b786e24529c310b0e9549c633620a53
synthetic_004701,audio/mimo_v25_tts_p1p2_200/raw/synthetic_004701.wav,176684,c3abc2f9cc94cdf72d004bbd919256fc41864a58933f17f0285df04c4144dc6b
synthetic_004707,audio/mimo_v25_tts_p1p2_200/raw/synthetic_004707.wav,169004,e45ede761ef6489bfbdb0718b0aa58c1ba436a0d98d27e2252cc86ba96a1f235
synthetic_004710,audio/mimo_v25_tts_p1p2_200/raw/synthetic_004710.wav,169004,b6ddb07f9e561b3b82b7fac8dd3fcf237a27052e6dc449964820f30a4258c9c9
synthetic_004733,audio/mimo_v25_tts_p1p2_200/raw/synthetic_004733.wav,176684,82541ac0310bd447920ccd918682d47c43871a6f49af6a47247eb75bf9578196
synthetic_004736,audio/mimo_v25_tts_p1p2_200/raw/synthetic_004736.wav,184364,2e98f6a964d6f2f99ab9ef8970179bcba60c7a6b9019347ab78481724adc030c
synthetic_004737,audio/mimo_v25_tts_p1p2_200/raw/synthetic_004737.wav,184364,4ef015fbf8755039002c42c8349002d8ddc09fbace2fa0f9d799b9e1578448d5
synthetic_004747,audio/mimo_v25_tts_p1p2_200/raw/synthetic_004747.wav,222764,692606abe9a7e1cb901a69dcd67b38a202bb44f00c73ca240a7f37ef51a27671
synthetic_004765,audio/mimo_v25_tts_p1p2_200/raw/synthetic_004765.wav,145964,144bb6511bbc7dc1a44868a032b049c837849f54f2f35af7234d7f37f8b4f3e5
synthetic_004771,audio/mimo_v25_tts_p1p2_200/raw/synthetic_004771.wav,176684,627b49830d18653372efa67e91c523237f79a3ca6703b166a93500e34bd0ac63
synthetic_004802,audio/mimo_v25_tts_p1p2_200/raw/synthetic_004802.wav,176684,af26739d64c51bc505d25b1779baac071a3fa84c07a9690e3b604795f4ecf349
synthetic_004806,audio/mimo_v25_tts_p1p2_200/raw/synthetic_004806.wav,161324,05770e712912164446551f033b0bc9abb34d829113f1e21c01db565ce63ba0fe
synthetic_004820,audio/mimo_v25_tts_p1p2_200/raw/synthetic_004820.wav,199724,1927e72638d1a8bc83ad46a81e4fecbd9612aa639359ff56e4ed91f2b61b37f5
synthetic_004821,audio/mimo_v25_tts_p1p2_200/raw/synthetic_004821.wav,184364,33512ff6337f7b8ec1a70b929443b30c650ab501914769fe2ad8b48ac501af35
synthetic_004831,audio/mimo_v25_tts_p1p2_200/raw/synthetic_004831.wav,184364,fb656f90068736b00fe903083985645e9f06d60985ae500f20360f2955d12645
synthetic_004844,audio/mimo_v25_tts_p1p2_200/raw/synthetic_004844.wav,199724,9c755284689e213736061579a2c3ac9bd783ff01bf44eff57f155e2878dc55b2
synthetic_004906,audio/mimo_v25_tts_p1p2_200/raw/synthetic_004906.wav,192044,88838d9fb60bc62ff745f45859f3cc24d6dcec734f1c65a67eabec6a2c1c2af8
synthetic_004909,audio/mimo_v25_tts_p1p2_200/raw/synthetic_004909.wav,215084,20bcd4cf4737864dde3082c14eeec51aeb409d31d40bdda35cdfb7660830e9c6
synthetic_004926,audio/mimo_v25_tts_p1p2_200/raw/synthetic_004926.wav,169004,2ea0559290639da352527db2e45cad3ad9108d70aa1a8fbf915d31820158bcb6
synthetic_004931,audio/mimo_v25_tts_p1p2_200/raw/synthetic_004931.wav,184364,a7c847201e964f496b9fc558b6f68f0489d76d752e67981e1c609c41f8b67a36
synthetic_004940,audio/mimo_v25_tts_p1p2_200/raw/synthetic_004940.wav,184364,2e874782dca7cd03da7bf3c7cecc1ff8e3cf10fe126652b19fcfbd3cdb6b7648
synthetic_004942,audio/mimo_v25_tts_p1p2_200/raw/synthetic_004942.wav,138284,9adfc47af19b69608a8b96258c6b388fba90fba683e195182e96bf20a675705f
synthetic_004946,audio/mimo_v25_tts_p1p2_200/raw/synthetic_004946.wav,199724,9ef48eff2df188f250d2c314deb57fdbbfb83b2489638b0f77030d7fbaa28f67
synthetic_004948,audio/mimo_v25_tts_p1p2_200/raw/synthetic_004948.wav,130604,ce18485b0da367e6353fb194ba4a454a60f324dedadbe72cdb2e2a1e18dc551a
synthetic_004955,audio/mimo_v25_tts_p1p2_200/raw/synthetic_004955.wav,184364,a5fd7b4dc8d2c328e39ba1c65a78097b776c31a21b2d3e700f7b1e7110e1c9d7
synthetic_004960,audio/mimo_v25_tts_p1p2_200/raw/synthetic_004960.wav,161324,90f302237f3f6f74b89f6ef9f47010f6734ebb97cfefd46843c143b30f407f43
synthetic_004973,audio/mimo_v25_tts_p1p2_200/raw/synthetic_004973.wav,161324,69beb0fe1208eefc66562ae3f017bf199cef9e973c086b2f4e39f0b68c33b864
synthetic_004984,audio/mimo_v25_tts_p1p2_200/raw/synthetic_004984.wav,169004,19a99b28b7ca4759c1aeb5e6a8f17dbd8327af3189146fd432832a545815fca7
synthetic_004985,audio/mimo_v25_tts_p1p2_200/raw/synthetic_004985.wav,215084,7854a7309efab254cee05a5ac70a30fd733433f3530f89fb73992a34c1fda9b4
synthetic_004989,audio/mimo_v25_tts_p1p2_200/raw/synthetic_004989.wav,138284,14e0035373f2da793243018ee62bb18a3fce25948f729bea2feeed40b5af950b
synthetic_004997,audio/mimo_v25_tts_p1p2_200/raw/synthetic_004997.wav,130604,8521d35878f31ac907e73eba8d2190f9ccb4d18cebc40f5c24039a4958b98c3b
